"id","name","brand","category","origin","size","price","deal_qty","deal_price","stock","expiry","image","description","active","sort"
"kojiesan-soap-135","Kojie San Skin Lightening Soap","Kojie San","Skin care","Philippines","135g","500","2","950","6","24/9/2027","images/products/kojie-soap.jpg","Classic skin lightening soap bar. Dermatologically tested, as printed on the pack.","TRUE","10"
"kojiesan-soap-100","Kojie San Skin Lightening Soap","Kojie San","Skin care","Philippines","100g","400","0","0","10","21/10/2027","images/products/kojie-soap100.png","Classic skin lightening soap bar. Dermatologically tested, as printed on the pack.","TRUE","11"
"kojiesan-cream-30","Kojie San Skin Lightening Face Cream","Kojie San","Skin care","Philippines","30g","600","0","0","6","","images/products/kojie-cream.jpg","Face cream with HydroMoist. The pack says it lightens, restores and moisturizes skin.","TRUE","20"
"kojiesan-lotion-250","Kojie San Skin Lightening Body Lotion","Kojie San","Skin care","Philippines","250g","1000","0","0","2","3/10/2027","images/products/kojie-lotion250.jpg","Body lotion with HydroMoist. Dermatologically tested, hypoallergenic, paraben free, as printed on the pack.","TRUE","30"
"kojiesan-lotion-200","Kojie San Skin Lightening Body Lotion","Kojie San","Skin care","Philippines","200g","900","0","0","0","","images/products/kojie-lotion200.jpg","Body lotion with HydroMoist. Dermatologically tested, hypoallergenic, paraben free, as printed on the pack.","TRUE","31"
"silka-soap-135","Silka Papaya Whitening Herbal Soap","Silka","Skin care","Philippines","135g","500","0","0","18","12/2027","images/products/silka-soap135.jpg","Papaya herbal soap enriched with Vitamin E. Dermatologist tested, as printed on the pack. 100% original, directly imported.","TRUE","40"
"silka-soap-90","Silka Papaya Whitening Herbal Soap","Silka","Skin care","Philippines","90g","350","0","0","7","10/2027","images/products/silka-soap90.jpg","Papaya herbal soap enriched with Vitamin E. Dermatologist tested, as printed on the pack. 100% original, directly imported.","TRUE","41"
"silka-lotion-200","Silka Papaya Whitening Lotion","Silka","Skin care","Philippines","200ml","600","0","0","5","10/2027","images/products/silka-lotion200.jpg","Papaya lotion with Nutriblend Complex (vitamins B3, B5, B6, C and E) and SPF 6. Dermatologist tested, as printed on the pack.","TRUE","50"
"silka-lotion-100","Silka Papaya Whitening Lotion","Silka","Skin care","Philippines","100ml","450","0","0","0","","images/products/silka-lotion100.jpg","Papaya lotion with Nutriblend Complex (vitamins B3, B5, B6, C and E) and SPF 6. Dermatologist tested, as printed on the pack.","TRUE","51"
"rdl-papaya-soap-135","RDL Papaya Whitening Soap + Sunscreen","RDL","Skin care","Philippines","135g","500","0","0","0","","images/products/rdl-soap.jpg","Papaya soap with sunscreen and Vitamins A, C and E, as printed on the pack.","TRUE","60"
"garnier-micellar-vitc-125","Garnier Micellar Cleansing Water Vitamin C","Garnier","Skin care","","125ml","550","0","0","1","06/2028","images/products/garnier.webp","Dull, tired, uneven skin tone এর জন্য ভালো। যাদের মুখ নিস্তেজ লাগে, ব্রাইট দেখাতে চান তাদের জন্য উপযোগী। Normal to combination skin এ ভালো মানায়। No rinse off, no perfume, no alcohol.","TRUE","70"
"nivea-soft-200","Nivea Soft Cream","Nivea","Skin care","","200ml","0","0","0","1","","","Soft moisturizing cream.","FALSE","80"
"tresemme-keratin-mask-180","TRESemmé Keratin Smooth Hair Mask","TRESemmé","Hair care","Thailand","180ml","900","0","0","0","","images/products/hair-mask.jpg","Keratin hair mask, made in Thailand.","TRUE","90"
